id;code;active;company;first_name;last_name;bank_account_number;email;role;address;country;created;created_by;updated;updated_by
1;Pound Creative override;true;relationships Account;Elmira;Rolfson;SQL Computers;Aubree_Auer97@hotmail.com;ADMIN;Account synthesize;Albania;2023-09-27T09:31:59;hybrid input killer;2023-09-26T18:10:46;payment Gorgeous
2;help-desk back;false;firewall Checking plug-and-play;Sister;Ondricka;Tasty;Lincoln_Armstrong@yahoo.com;ADMIN;Sausages Engineer;Ecuador;2023-09-27T10:57:23;Account;2023-09-26T23:45:03;technologies
3;Peso;false;Home Tunnel;Lori;Olson;Angola;Vidal39@yahoo.com;FOURNISSEUR;Buckinghamshire;Denmark;2023-09-26T21:22:34;harness Incredible;2023-09-27T07:54:39;parsing
4;Avon;false;Lek experiences;Cali;Kub;benchmark Thailand;Dell.Lind@gmail.com;FOURNISSEUR;Health withdrawal;Bolivia;2023-09-27T03:00:14;directional content;2023-09-27T14:05:29;system
5;Mexico Branding;true;hard partnerships testing;Berenice;Schoen;Account;Roscoe_Berge@yahoo.com;ADMIN;Malta Liberia Knolls;Canada;2023-09-27T07:55:49;Soft;2023-09-27T13:18:22;optical Buckinghamshire interface
6;Ways redundant;false;invoice Licensed;Adrian;Hansen;Representative capacitor real-time;Ceasar28@hotmail.com;FOURNISSEUR;deposit;Holy See (Vatican City State);2023-09-26T21:39:27;Keyboard Auto leading-edge;2023-09-26T17:10:16;Common generating Square
7;Focused eyeballs copy;true;Illinois;Katarina;Crist;Loan;Rashad.Gleichner63@yahoo.com;ADMIN;compress Car;Virgin Islands, British;2023-09-27T00:41:03;Handmade Research;2023-09-26T20:22:04;reboot up Loan
8;transform compressing;false;FTP mobile;Greg;Miller;Ergonomic;Bridie4@yahoo.com;CLIENT;1080p port;Haiti;2023-09-27T14:28:58;Shoes Buckinghamshire;2023-09-27T13:44:19;1080p Health
9;iterate Shoes;true;Home copy;Mozell;Mills;service-desk microchip;Lesley_Skiles@yahoo.com;CLIENT;deposit client-server microchip;Libyan Arab Jamahiriya;2023-09-27T04:52:12;Park feed parsing;2023-09-27T09:29:22;strategy
10;Fantastic Minnesota silver;true;violet;Nolan;Schowalter;RAM Lesotho Tuna;Marquis.Sipes@yahoo.com;CLIENT;Cloned;Tokelau;2023-09-26T21:23:24;Money;2023-09-27T13:32:12;concept Frozen Account
