id;reference;name;description;product_status;active;quantity_in_stock;nbr_of_sells;minimal_quantity;maximal_quantity;weighted_average_price;location;consumption_deadline;bar_code;serial_number;brand;model;section;hallway;product_display;locker;product_code;created;created_by;updated;updated_by
1;Steel;Assistant;cross-platform Principal;VALIDATED;false;81149;69097;16316;9665;76146;reboot magenta THX;2023-09-27;deposit Centers Metal;models partnerships Infrastructure;transmitting New Bedfordshire;Malagasy intranet;neutral;Bike;Computer CFP orange;Village;distributed indigo JSON;2023-09-27T03:23:40;Implementation Awesome;2023-09-27T04:08:05;Prairie
2;invoice;Bike Shoes Center;tangible;DELIVERED;false;28408;60076;78380;83666;68319;cross-platform;2023-09-26;online virtual;hacking;Arizona mobile;AGP lavender;navigate brand up;systems Gorgeous;Brand;Plastic Cambridgeshire;Automotive;2023-09-27T03:59:54;Zimbabwe Games Balboa;2023-09-26T17:45:08;multi-byte clicks-and-mortar Outdoors
3;Martinique Executive Down-sized;transitional;bypassing Chief interactive;DELIVERED;true;46586;79285;59509;59473;6366;Coordinator Sausages;2023-09-27;Administrator CFA;Colombian B2C;bypassing Gateway Virtual;index Account Concrete;Soft;deposit clear-thinking focus;Loan;Small Congo Engineer;Account portals Berkshire;2023-09-27T07:57:44;Chicken;2023-09-27T12:05:23;Account Account
4;Functionality Small adapter;Gloves;hack back-end application;TO_BE_DELIVERED;true;75672;6340;91355;25358;51902;Venezuela JBOD;2023-09-27;orange;exuding copying;methodologies Future;transmitting Account;bluetooth;Utah Mouse;engage ROI Account;Cross-platform withdrawal primary;Product;2023-09-27T03:00:36;Infrastructure Buckinghamshire Avon;2023-09-27T03:15:55;forecast Credit
5;Rhode aggregate indexing;Computer PCI;Visionary Baby teal;VALIDATED;true;24055;39384;10258;6984;86382;emulation ADP;2023-09-27;Berkshire Florida;transform;blue Fish neural;Liechtenstein U.S.;frictionless wireless user-facing;Account compress;auxiliary Oman Shirt;Pizza Metal;Account;2023-09-26T18:06:27;Gloves radical;2023-09-27T12:47:19;invoice Marketing sticky
6;Creative navigate;copy;orange technologies;CANCELED;false;12964;3885;16203;46367;99641;Nevada Berkshire;2023-09-27;forecast;calculating niches AI;Analyst port;incentivize Global;Group HTTP;RSS optical;cutting-edge Soap;Uganda primary Ergonomic;Games copying;2023-09-27T00:10:18;teal of;2023-09-27T08:17:27;SCSI Robust
7;Yen Realigned;Regional algorithm empowering;incubate;CANCELED;true;58666;34163;8238;24871;19487;Savings;2023-09-26;lime Card;Berkshire payment Cotton;solution Planner;Optimized UIC-Franc;THX virtual;Nevada Fish Palladium;projection Games;Lead;Automotive;2023-09-26T22:42:41;neural;2023-09-27T03:44:13;Intelligent multi-byte Cotton
8;Bedfordshire schemas;Configuration Silver;concept pixel;DELIVERED;true;66119;87654;45356;46098;76018;Incredible Lake Home;2023-09-27;mobile Barbuda;Tuna;firewall;IB Card Fantastic;Shoes visionary;deposit Lake Fantastic;Account indexing;synthesizing;Florida Islands;2023-09-27T12:05:45;system Checking expedite;2023-09-27T00:25:32;Steel overriding Mobility
9;Paradigm grow;high-level;e-tailers Buckinghamshire dot-com;VALIDATED;true;32322;67938;1500;26403;45773;Fresh Nebraska Square;2023-09-27;Beauty;Administrator;Inlet Chips Operative;Uganda Representative;enterprise;Rica Cambridgeshire;program Frozen harness;quantifying Bike Awesome;Fantastic Steel Intelligent;2023-09-27T09:57:40;initiative Corporate;2023-09-27T01:00:10;interface withdrawal
10;Shores Metal Shoes;payment Taka hardware;AGP Licensed;DRAFT;true;34389;53065;70635;6076;21064;Micronesia Rubber;2023-09-26;pink;Shoes bandwidth;orchestration Vision-oriented Cambridgeshire;Tunisia Berkshire gold;XML;Skyway Multi-layered;deposit application reciprocal;Stravenue purple Ergonomic;Applications;2023-09-27T11:22:27;Kroon;2023-09-26T21:47:08;Persistent Forward
